"block_geoid","evict_count"
40134222231,85
40135229013,40
40133187001,60
40131070012,141
40131042261,52
40131113005,60
40130610273,4
40138144002,59
40130927121,86
40131167321,41
40130928011,15
40131042191,25
40131045023,9
40130719063,57
40131105022,104
40131125211,214
40134222232,54
40131109012,109
40130613001,42
40131060021,70
40131035011,9
40130506123,5
40131032104,7
40131072021,45
40131085011,37
40131063004,5
40131042073,84
40131154002,21
40134221072,152
40130931062,6
40131033052,15
40131044012,317
40133184004,11
40130610481,66
40131097032,70
40133200073,261
40131092002,63
40130931013,14
40131090012,123
40130614021,6
40131037013,28
40131036153,36
40131076022,84
40130923112,256
40133188003,80
40131033032,6
40131033041,30
40130924022,231
40134201161,9
40130927111,19
40130930022,45
40131166123,6
40131166152,50
40136189002,5
40131125202,12
40131073001,30
40130718013,3
40130932003,85
40131159001,23
40133188004,128
40130610352,14
40130822063,16
40136195001,8
40133194022,15
40130610331,9
40130405351,3
40131109021,68
40134225064,5
40131042173,9
40131112011,173
40131043021,233
40130612002,79
40134221023,61
40131090011,93
40130928014,26
40131170002,65
40131166141,65
40138112001,51
40130830002,123
40134220011,22
40134205062,87
40134221062,254
40134210012,170
40136120001,41
40130610321,12
40136141003,41
40131097073,245
40130610343,165
40130927122,65
40134207052,2
40131166162,21
40133184005,45
40134222094,58
40136159002,48
40136191002,94
40130717011,19
40131123024,188
40133191031,75
40130928022,5
40136185002,134
40134221061,156
40130923061,47
40131064002,97
40131059003,60
40131167121,92
40136147002,47
40136152011,51
40136198002,68
40131036082,88
40133199081,67
40131044013,83
40130930013,127
40133201002,59
40133191042,104
40131125072,109
40131041002,144
40134221041,70
40130931053,203
40131048022,37
40134213022,28
40131076012,101
40134211025,14
40136123012,98
40134217011,98
40138155012,35
40131108012,110
40130928021,172
40131167362,81
40131032103,4
40131091021,42
40130610461,95
40134211022,63
40130927152,32
40131036152,60
40131125122,259
40131104001,26
40131091023,27
40136106002,37
40131166151,39
40130923051,6
40133191011,66
40130820211,22
40131035025,2
40130405383,20
40136161003,14
40131032203,20
40130927201,216
40130820192,6
40132172031,1
40131166111,8
40130610271,8
40135231033,48
40131125142,20
40136106003,5
40136169002,24
40134225091,8
40131058002,9
40131137013,123
40134226221,9
40130822114,25
40131033051,24
40130923121,10
40137233091,4
40130927051,81
40130822103,22
40130820182,36
40130820022,252
40136168001,5
40131053002,32
40138157001,6
40136103012,22
40130822053,22
40131166063,28
40136124012,7
40130822051,28
40130405362,30
40139413003,27
40131115021,52
40131042183,275
40138152021,28
40131042152,173
40130927153,6
40133188001,110
40134222095,114
40130609042,12
40134223081,67
40130930023,5
40131160002,22
40133194012,20
40136188003,41
40131071012,22
40131071022,23
40134221063,12
40133196004,40
40131089011,142
40131033043,15
40131055012,49
40131067032,11
40131125221,3
40130719064,103
40131071023,101
40130924013,22
40134218011,8
40130925002,32
40131112013,100
40131170003,153
40131070022,18
40131036094,159
40136164003,105
40134221032,200
40131036151,19
40136146011,90
40130820242,238
40134211013,32
40131166192,32
40130506143,10
40130927131,6
40131042061,8
40130719111,88
40130927091,78
40138148023,16
40134225032,40
40130822132,14
40131106004,26
40133200012,128
40131060032,44
40133200072,219
40136168002,2
40131125231,362
40134226434,3
40130614023,89
40131041004,15
40136188001,41
40130610523,30
40138151002,2
40130820181,18
40131093001,9
40130820261,76
40130506122,20
40131125192,13
40131125191,5
40130719152,7
40133192012,74
40131079003,66
40131167032,36
40131089021,119
40131086023,78
40131123011,264
40134226174,3
40131122021,17
40136165001,56
40131167123,5
40131125171,8
40131167254,39
40134206031,11
40134205061,102
40130304022,11
40133197063,124
40130610291,22
40131090031,44
40130924012,26
40136147001,60
40130927052,28
40131132041,32
40138155022,42
40134214004,58
40130923122,14
40134202021,2
40130719037,12
40134210022,36
40136170024,5
40131054003,80
40130927171,148
40134215012,20
40131090022,49
40134204013,24
40130931042,19
40131068012,69
40131042224,67
40133200024,6
40134212022,26
40130718011,13
40131125141,72
40132172012,66
40132175023,23
40130506192,31
40130610362,18
40130610262,7
40132168162,19
40130932001,59
40131036043,96
40130405392,17
40130405401,19
40131045012,95
40130610601,48
40132176002,15
40130405273,10
40131060022,86
40130610621,7
40136189003,3
40131117001,14
40131036081,59
40130612004,60
40136152012,151
40134212011,17
40134205031,115
40130822122,24
40131055031,164
40134222192,3
40131094012,182
40133190022,4
40130506194,3
40131105013,81
40130923111,46
40136191001,301
40131122011,5
40134201144,3
40130610382,15
40131044022,152
40131056023,120
40130610454,46
40135230021,14
40132168372,17
40138152031,4
40132182003,52
40130610341,26
40131162033,13
40131118001,50
40131073002,19
40132168061,20
40131042161,131
40134208001,105
40134216023,30
40131125101,9
40131152002,79
40134220021,13
40136182002,49
40134222033,162
40130719061,27
40130927241,17
40133198022,197
40130927204,210
40131158011,73
40134216022,8
40134223042,35
40134226302,18
40133199061,24
40131105011,50
40133191032,13
40134201122,8
40131093002,7
40131164004,8
40130927191,304
40130715172,7
40131090032,136
40136161002,2
40136122001,55
40133198011,162
40130610452,4
40130610471,9
40132168302,35
40136175004,6
40131109022,52
40131063003,52
40131086022,87
40131166212,24
40135230081,26
40134223074,214
40131138002,48
40131162032,133
40131162031,98
40135230064,43
40131113003,80
40131089024,13
40135231041,104
40131042021,7
40134208002,22
40131106001,46
40131099002,113
40131115023,27
40130931043,79
40131089012,30
40138112002,46
40131090034,34
40130930011,63
40131161002,13
40136197003,27
40131130001,47
40131143011,8
40131133012,25
40131136013,231
40131032174,30
40131098011,156
40130927182,162
40132168371,30
40134222092,162
40131141001,246
40132168523,40
40131077003,36
40131130002,51
40130929002,96
40133193001,3
40138106004,20
40133199031,69
40134225082,37
40130923123,78
40134226332,21
40130931014,44
40130923073,12
40131167383,5
40131167091,297
40131135031,19
40134221051,3
40130610112,16
40136177002,68
40130820191,16
40130927203,40
40133189002,11
40134213033,97
40136107004,4
40131042223,5
40132173004,30
40131063001,30
40131171001,127
40131042272,8
40133198013,12
40134221022,14
40131125242,246
40131060031,52
40138148011,17
40134226233,25
40134215021,28
40131125102,83
40133194034,29
40134209022,11
40131036093,205
40131112041,82
40131108013,75
40133192021,141
40136199002,44
40131095003,11
40131042243,48
40136190003,51
40133197051,39
40130931054,7
40133191033,48
40136186002,70
40131076013,62
40131042251,27
40131084003,35
40131035024,6
40131167092,78
40131125241,163
40131124012,10
40134212023,21
40131090033,101
40136113005,42
40131068023,28
40131086012,68
40130506174,6
40134204012,30
40131042033,117
40134213041,106
40136168003,4
40134213031,42
40131156002,121
40130926001,32
40134212012,169
40131132011,17
40131032105,61
40131057022,35
40130715092,58
40136164002,19
40131034002,8
40134222121,3
40131039003,41
40134209012,60
40131069002,6
40131112012,78
40130610421,25
40132175022,11
40134225133,2
40136158002,11
40133192022,80
40131145001,9
40131125152,17
40131167083,46
40134226321,4
40131162052,3
40131160001,9
40131041001,87
40131167172,62
40131125212,249
40130610401,22
40133199022,8
40131107021,93
40131114011,11
40130716001,69
40132180002,64
40131116021,36
40131042052,93
40134202022,4
40138100001,102
40131060011,39
40132168351,21
40131167203,111
40138105002,40
40136170023,54
40134222211,71
40133194021,14
40134225023,16
40138146002,81
40131036111,51
40130927231,101
40131037023,86
40134226072,6
40130610351,8
40134226282,40
40138148022,8
40136195003,38
40130719093,22
40130610533,9
40131042035,80
40130715161,215
40130931011,63
40131065012,29
40131133011,32
40134221071,184
40131114021,36
40131048025,52
40131090021,93
40134220023,21
40131105012,73
40134213024,142
40134213025,58
40134211024,80
40131148002,5
40138103003,4
40130931052,71
40131159003,12
40131039004,2
40131039001,9
40131055011,51
40131068022,8
40131067012,134
40130609011,20
40134226271,5
40133189001,100
40130609034,16
40131036062,4
40138156024,3
40132168572,24
40132182004,39
40131131002,104
40130719035,4
40131056022,124
40135231031,52
40131170001,47
40136146023,40
40136141001,64
40131077004,69
40130610532,31
40134203021,14
40130610274,34
40134205042,24
40131096022,50
40131106002,70
40130610531,214
40134222031,114
40130610543,158
40133200071,28
40133199034,69
40130610574,75
40130507012,11
40131061003,57
40132173003,37
40130924011,139
40131137012,53
40130610522,92
40133194031,69
40131125042,147
40131033062,28
40131047011,36
40138158003,13
40130609023,23
40132168161,88
40131110001,74
40138128021,37
40133188002,44
40136144003,8
40130830001,54
40131063002,21
40131167201,98
40130715095,35
40131085021,22
40130610142,142
40132168442,43
40131067011,70
40134215022,45
40131033042,23
40131132012,19
40131045013,72
40136124021,24
40131114022,50
40138123002,19
40133200011,51
40131167171,214
40130931041,341
40131167181,15
40134226532,12
40130506113,7
40136193003,38
40131167135,16
40131111002,70
40136192001,136
40130612005,84
40132168451,26
40131085022,36
40130506133,18
40134221031,306
40132180004,36
40131073004,67
40134226601,98
40130820101,66
40133194015,19
40131042271,73
40134218021,19
40134202142,14
40131040001,81
40134209011,11
40139805001,27
40134210011,8
40131057011,53
40131046002,32
40130719103,10
40131101002,44
40131137011,63
40136165002,110
40131085023,78
40131112021,88
40130923082,72
40131089022,34
40131171002,20
40131124011,86
40131129004,39
40134226382,75
40133191012,51
40131092004,64
40131137014,159
40130930012,43
40130820023,90
40130820171,63
40138102001,36
40138155011,45
40131037011,57
40134216011,26
40130405302,12
40131039002,90
40136140002,1
40134211021,33
40131055032,283
40138141003,5
40130610591,2
40138148021,22
40130927112,30
40131100022,128
40136194002,78
40131034001,10
40131162023,1
40134220012,19
40133197101,51
40132172032,12
40131137022,48
40132180003,61
40131046001,76
40131149002,1
40133191013,12
40131043022,288
40136146012,16
40134215011,19
40134207083,50
40131145002,22
40131161001,80
40138108002,31
40131125233,170
40131110004,8
40132168452,166
40131074041,89
40138146003,10
40131052004,81
40131167082,13
40130820222,137
40130820281,60
40133184002,14
40133194013,15
40136184002,22
40138122002,22
40136174003,49
40136176001,177
40133197062,54
40138107002,53
40131107012,53
40134207072,30
40136142002,14
40136179002,23
40133197082,13
40136194001,70
40131049003,4
40138120001,41
40134222193,59
40138107003,24
40134223093,21
40130719151,106
40131105021,81
40138104004,17
40134214002,27
40132168373,58
40134222131,2
40134226342,16
40135230082,6
40138169042,37
40136105001,2
40138176003,11
40131125182,64
40138121001,6
40132168331,30
40130927082,16
40130610541,65
40130929001,27
40130715112,5
40130610281,99
40131167341,26
40130610132,34
40138104002,18
40130820072,28
40131157003,29
40138124006,64
40131071011,22
40134223071,1
40133200021,6
40130820271,97
40131167031,22
40136177003,109
40130931044,27
40130820173,112
40130610111,37
40131164001,44
40131166101,10
40130820251,105
40131123022,82
40131055021,85
40134202083,1
40138162002,26
40131035021,5
40131068013,77
40133198012,127
40134226301,5
40134221033,93
40134222103,6
40130820231,6
40131166181,15
40130820091,20
40130928023,46
40130719062,13
40130927211,30
40132168611,22
40136186003,6
40131042181,10
40134213021,12
40130719104,14
40130719143,9
40135231021,78
40136188002,310
40131065011,8
40131131001,47
40131045021,36
40131042054,267
40131153001,35
40138107004,56
40136167001,48
40138154022,57
40131126021,7
40133199102,57
40131061005,84
40131132021,16
40130610263,17
40136192002,117
40130830003,33
40134224012,15
40131162053,298
40136196021,127
40130928013,106
40131167112,140
40130719132,33
40133201001,32
40210002042,31
40134222164,56
40133200014,77
40130719105,40
40131074021,49
40135230072,61
40131058003,6
40130506215,6
40134222151,69
40132183003,15
40132172043,59
40132179001,21
40131046003,10
40132172041,112
40131074032,67
40134210021,30
40134213042,202
40131167134,20
40131167182,64
40132174004,37
40134222182,12
40131069003,18
40130927132,13
40131139001,41
40130614012,75
40134223021,36
40134225061,31
40131098012,9
40130610631,46
40133191044,29
40132171022,16
40131045011,11
40131075002,5
40131140001,46
40131167351,24
40130822041,34
40132183001,9
40131097072,14
40131125041,39
40134214003,78
40136135001,39
40131166122,14
40131167033,2
40131056012,12
40131072022,13
40134226322,33
40134226211,8
40136146021,5
40131033021,5
40130610241,60
40134226471,71
40138124001,62
40138171022,18
40131167382,28
40130822113,39
40134226154,26
40131042241,90
40138139001,6
40133187002,82
40134224021,33
40131167381,93
40134226552,47
40131113001,64
40131166052,17
40136108001,7
40133197081,64
40138120003,31
40131166204,21
40134222163,25
40130719142,14
40131167252,6
40132168503,83
40134201143,6
40134225071,20
40131131003,121
40134226531,16
40134225142,36
40133193002,23
40136149003,46
40136192003,39
40134226231,32
40131040002,193
40131086021,102
40138144001,21
40138158001,14
40131042062,40
40131032102,32
40131042121,45
40131095002,19
40134211011,23
40134226283,38
40133197053,11
40131033033,6
40131136021,25
40133195004,16
40131074012,87
40134201132,54
40131047024,24
40134221043,73
40131036121,163
40131127003,39
40131153002,123
40131145003,16
40136195002,15
40131097042,7
40136151002,8
40131036041,16
40136169003,38
40131098022,12
40130719121,16
40130610413,14
40134202151,11
40136188004,117
40131158022,91
40132168261,3
40130928024,8
40136150023,13
40131107011,123
40132168213,9
40131097071,110
40130715153,18
40133196001,28
40131096011,9
40131037021,6
40133200013,20
40131042163,10
40131099003,47
40134226372,1
40134206021,6
40130820121,60
40138139002,7
40134219021,14
40133185012,37
40131066001,12
40130923064,4
40130820123,6
40135231022,14
40131032191,47
40131116022,31
40131044021,60
40131083021,28
40136189001,59
40131118004,42
40132176003,29
40134201163,6
40131125103,10
40131084005,16
40136146022,29
40131089023,25
40131088023,35
40131165003,15
40131040004,124
40134207061,4
40131113002,51
40134205052,12
40131139002,13
40134223015,16
40131158012,25
40130718022,4
40131126022,19
40130926003,11
40130930021,11
40135229011,7
40131086011,80
40131042222,35
40131096021,13
40131097061,9
40130820241,6
40130820083,10
40131057021,17
40136158001,3
40136170025,1
40130610332,37
40134216012,23
40138161004,4
40136109022,5
40138134002,28
40131067021,29
40136123022,100
40132168501,2
40138152011,13
40138160021,1
40132178001,49
40130927102,3
40132175011,18
40130405381,8
40132172034,12
40130610552,36
40138103002,11
40136186001,22
40131142001,66
40130610501,9
40136162002,13
40134226573,6
40131167312,3
40131126023,5
40131167192,127
40130923124,96
40132168301,45
40130715173,2
40134226331,11
40138155021,41
40138129001,25
40136156002,34
40131115024,3
40130610381,29
40131055022,201
40136189005,147
40131075003,30
40131067013,69
40131108011,30
40134221052,51
40138126001,24
40131121002,7
40134215013,25
40131132042,13
40130927101,38
NA,7
40138152022,22
40136113003,36
40130610312,47
40136117001,5
40133184006,24
40130820162,196
40136148001,41
40134226362,27
40136107003,4
40131164003,15
40131074031,49
40136133001,2
40130820221,32
40138156011,23
40134218023,23
40138169021,20
40131168002,2
40138154011,76
40130610623,34
40130923092,8
40131089013,11
40131157004,42
40131104003,10
40130609043,18
40131108021,18
40131097023,7
40132175012,18
40132182001,12
40134226201,5
40131094023,6
40131129003,60
40130715121,14
40131144011,11
40131032143,4
40136184001,11
40132180001,3
40136178002,4
40134217021,7
40132179003,26
40131096031,6
40131059002,35
40130506171,26
40135230051,6
40130610131,15
40130507023,16
40133192013,13
40131082002,6
40130923071,140
40133197061,54
40130405025,19
40138119001,38
40130820232,14
40131125162,17
40131088021,22
40132168502,27
40134226232,36
40132168131,10
40130610403,8
40136180003,4
40131166072,24
40131125153,13
40131125151,20
40131140003,32
40131100021,8
40134223012,36
40131084001,66
40131051024,6
40138111001,29
40131169001,28
40131048012,11
40131127002,27
40130304023,3
40131125081,14
40131168004,9
40131047021,34
40131125121,4
40132168101,4
40131123012,5
40131123013,6
40130405402,24
40131160003,16
40130715033,3
40136137001,5
40131166062,41
40131166121,31
40136161001,14
40132168401,10
40136152023,27
40132168381,15
40131166203,13
40132175013,23
40131166182,31
40130612001,19
40130820273,7
40134222171,9
40138145001,8
40130822072,12
40138127002,19
40134205032,18
40131101001,38
40134224032,7
40130609013,13
40135231043,49
40131099001,4
40131095001,11
40130923083,9
40130715143,42
40130924021,6
40130610521,18
40130506191,6
40130610354,27
40138145004,1
40130820262,18
40131166051,16
40130610502,6
40130822061,43
40130820201,9
40130610151,17
40130609022,8
40131126012,4
40130927092,10
40131115011,14
40136123011,16
40131112031,109
40131140004,5
40131104002,35
40131160004,19
40130610333,14
40136167003,14
40130715111,65
40130610393,15
40130719094,4
40130610353,11
40132183002,21
40131042214,8
40130610402,6
40136193001,3
40133197083,20
40134219012,36
40131166071,19
40131173002,17
40134226421,59
40130923074,41
40133189004,23
40131059001,66
40138116002,7
40131097031,5
40131166202,5
40134201151,11
40130609033,20
40138146001,13
40130926002,26
40131167352,28
40130923093,4
40130609021,14
40131092003,65
40130719122,18
40130405022,6
40131166061,11
40131156001,16
40131098023,9
40131166211,75
40136174001,1
40130820282,10
40138171012,5
40138169012,9
40131125181,25
40130610592,19
40130610153,7
40130506172,10
40131166161,16
40130506203,17
40136149002,2
40136103021,2
40130506111,15
40130610141,7
40131047022,30
40130927081,23
40131116011,18
40133192014,33
40131123021,32
40130715031,1
40133197071,7
40132181002,10
40134225012,30
40131138004,36
40131096023,7
40130610113,31
40130822062,10
40131042154,1
40137233071,3
40130506152,15
40134202061,9
40134223091,2
40130610582,7
40134202023,2
40132168541,10
40134225033,1
40132168531,9
40130610561,5
40131036042,3
40131042051,8
40131163001,12
40131125223,28
40131048024,6
40131061002,28
40134225041,2
40134222213,31
40134222093,11
40134211012,9
40130928012,12
40134222212,1
40131045022,32
40130506201,21
40132171011,1
40130715062,3
40131096033,9
40131167193,9
40134224041,10
40138133001,1
40130927192,9
40131125021,18
40131101004,7
40131097051,1
40131116023,19
40131069001,8
40130608012,46
40131125022,5
40131032142,3
40134223023,4
40131047013,3
40134216021,15
40134208003,23
40134223083,7
40210009041,10
40131166102,25
40131097021,10
40130610412,8
40130610292,8
40136137002,4
40130506213,19
40130715093,3
40131166053,17
40130405323,11
40131124013,16
40136145004,7
40130822112,8
40130822102,13
40131070021,15
40131167361,19
40135229043,12
40138152012,33
40138143001,12
40138151001,10
40132168562,1
40134226363,1
40134202144,12
40134207071,4
40130405413,2
40136103011,1
40133199043,3
40130830005,2
40133184001,30
40132168573,9
40131135021,43
40136103022,4
40136176002,10
40131166054,13
40131159002,27
40138126003,12
40130405412,2
40138172005,1
40134225132,4
40134226401,7
40134226591,40
40130717023,1
40134206041,3
40134226323,1
40134222161,3
40131149003,1
40134225043,20
40134207081,1
40131048023,1
40130715094,64
40130610372,8
40130820092,8
40130506162,71
40136170022,6
40132178003,9
40134219023,10
40131049004,2
40133200074,16
40133192011,26
40134201043,6
40130822043,12
40134207093,4
40131033061,25
40137233051,6
40134225063,1
40131143022,4
40132169012,21
40131100012,21
40131042172,35
40135230071,4
40131125071,18
40134226253,4
40134223013,4
40130610612,10
40130719032,7
40134226291,5
40134225011,3
40134202161,4
40130610152,17
40131033023,43
40131042124,11
40130405394,4
40130719101,7
40131149001,29
40138103004,4
40130405331,10
40131167323,3
40131164002,30
40130608022,72
40138176001,1
40131037012,4
40131068011,71
40131048021,4
40138159011,27
40130822071,17
40131129002,19
40136157002,44
40131126024,22
40130610571,15
40130822083,5
40210002171,20
40131113004,5
40131069004,6
40134224033,5
40136159003,12
40130610313,5
40130610361,5
40134221044,34
40131035013,12
40138156023,2
40131096042,10
40130715141,3
40131165001,5
40131044011,15
40136164005,4
40131114012,31
40131042171,7
40130506114,5
40136166001,5
40136173001,14
40130820122,26
40134223054,8
40130507013,5
40131135033,3
40131042242,9
40138119004,14
40138117002,6
40134222032,22
40131052003,16
40131126011,37
40133194042,8
40130931051,16
40130405396,7
40131100011,5
40135231042,7
40130507024,6
40131154001,6
40133199021,16
40137233044,3
40134226252,12
40134226222,32
40130716002,22
40130923052,20
40131071021,26
40131157002,35
40130304013,1
40131051022,2
40130405311,31
40136193002,10
40130506181,6
40132181001,19
40130609031,11
40130719141,2
40130405382,10
40134218022,6
40134226361,8
40138152032,12
40131106003,16
40134219011,6
40130820082,3
40134203011,7
40131127001,4
40131133013,11
40133199052,4
40132168412,10
40136115001,1
40130719031,7
40131042071,2
40134225081,23
40138122001,17
40138169031,5
40131166191,8
40130932002,50
40134224042,10
40130506121,9
40131084004,16
40131032082,28
40134224011,28
40131158021,13
40134201142,7
40138113001,3
40136122002,15
40130715124,5
40134207063,1
40130923072,11
40133199103,2
40131042122,16
40134226404,9
40133191041,14
40131042253,3
40134226381,26
40131083013,15
40134225122,3
40134225034,6
40131065021,28
40135231044,7
40131076011,18
40134219024,26
40135230024,4
40131136012,2
40130405252,1
40134226273,11
40134226371,3
40131125243,2
40138122003,5
40131051012,1
40130610311,55
40130610551,21
40131125172,12
40130931012,10
40130608011,14
40131118002,10
40131086024,42
40130719092,4
40131125201,10
40131035012,8
40131032164,14
40134207092,2
40130820071,11
40131097052,5
40131107022,9
40130927181,10
40131056011,9
40134226212,5
40133194033,3
40131122012,9
40136164001,5
40134226543,3
40130610511,16
40130610611,13
40131167322,6
40133199041,12
40131042263,55
40136166004,6
40134225093,5
40130923084,11
40130925003,5
40131042182,3
40130506202,4
40136137003,6
40132168592,4
40130931063,7
40130820102,26
40131036141,7
40131057012,6
40131132043,3
40136181002,3
40138111002,11
40130610431,12
40130506151,7
40130609041,3
40138124003,4
40131167273,4
40134203022,14
40136118002,7
40131167071,4
40130405352,5
40134222202,4
40130507011,7
40130610202,4
40136183002,1
40134224031,5
40134213023,28
40131136022,15
40130610322,15
40131042231,7
40134218012,11
40131097022,6
40130506092,16
40130506141,2
40130610442,7
40131124023,4
40134219022,4
40136124022,4
40131043011,7
40138156021,7
40132168263,3
40136135003,4
40130923094,8
40134201162,7
40135229032,7
40134226153,4
40134225021,4
40134226152,5
40134225141,4
40138157002,10
40134207041,20
40130608015,5
40134207103,25
40138171023,6
40131083012,8
40130927172,12
40136134002,7
40130820263,8
40134201102,2
40134226432,3
40130612003,4
40131085012,14
40134226433,2
40134221045,5
40130610211,3
40131162022,4
40131167142,1
40131167371,4
40132168561,1
40130610371,15
40130924023,7
40130715102,1
40136142003,8
40130719133,3
40138159022,1
40133197052,7
40131075001,1
40130506094,13
40132177003,11
40131051023,3
40131035022,6
40131136011,27
40131083022,16
40136145002,5
40135229012,60
40134222191,3
40138109004,8
40135229031,14
40136113004,1
40137233112,8
40131117002,3
40131096041,7
40134223011,4
40130610641,26
40134204022,13
40136145001,8
40134226173,6
40138122005,2
40250014021,1
40136166002,6
40130506182,12
40131122023,3
40133184003,5
40138162001,1
40131167103,2
40131072012,9
40131117003,7
40131167141,3
40131077005,9
40131047023,23
40131058001,4
40134201071,4
40132168521,2
40134217012,5
40130715131,2
40130610373,5
40130610272,5
40130822121,26
40134202082,6
40134226393,6
40130610143,3
40138128023,1
40135230061,7
40136118003,4
40136118001,9
40130718012,2
40134201153,6
40131144021,14
40131144022,7
40134204011,11
40134207051,2
40130405142,3
40131162021,5
40132168522,2
40131088022,5
40134212013,4
40131036142,1
40130820081,4
40131081001,14
40131110005,2
40136102012,6
40130719034,3
40136114002,2
40130820233,15
40138147002,6
40132168534,2
40132168393,1
40131037022,4
40134201121,1
40130718024,1
40131040003,9
40135230022,4
40134207082,2
40134226091,5
40131162024,4
40137233042,2
40134201073,2
40133185011,4
40136104002,4
40136175002,4
40130925004,3
40130610492,10
40130822052,5
40131036051,4
40130610462,9
40131032101,5
40132168191,1
40136164004,3
40138145003,1
40133199033,12
40131070011,7
40131036123,4
40138154021,11
40132168601,8
40131162041,7
40131163002,7
40138171021,12
40138160011,3
40131042213,4
40136180002,7
40133198021,5
40132176001,23
40136155002,1
40130715064,4
40130715103,1
40131042155,4
40136169001,6
40131146001,11
40131090023,1
40134205051,28
40131053001,1
40130715123,6
40134226402,2
40131067031,3
40130405023,5
40130506042,1
40130822101,9
40131068021,23
40134226071,5
40132168221,1
40131124022,2
40131173001,2
40130718021,4
40134213032,5
40131138005,10
40131036092,8
40131121001,3
40138115001,7
40130719112,3
40136198001,2
40132168321,3
40135230052,14
40138168003,5
40134202063,1
40136194003,11
40136162001,5
40131042042,10
40131065023,33
40132168333,15
40136117002,1
40130820161,15
40138106001,1
40138132001,2
40132172042,10
40130610491,5
40131129001,12
40130610463,7
40130719153,7
40136143002,1
40134224023,11
40134217022,6
40136143003,1
40131042262,1
40131167311,1
40131094021,6
40136158003,3
40133191043,20
40134221042,24
40130927162,9
40130719131,20
40130820202,4
40132170016,2
40138103001,1
40130405301,5
40134223041,11
40131073003,10
40131135032,34
40130931061,3
40136126002,2
40132168073,2
40138132002,1
40130927232,14
40130719036,4
40130925001,2
40133200022,5
40131042212,6
40133195001,14
40131132022,13
40130506041,4
40136157001,3
40131074013,9
40135231024,10
40130822111,13
40136138002,4
40132168322,1
40132169021,2
40138134003,1
40134202104,8
40134221021,5
40138108001,20
40130923091,4
40136136021,3
40138162003,4
40136136012,7
40132168533,1
40131042192,7
40130822131,3
40132175021,4
40131112014,6
40131032111,1
40134222271,8
40130610261,4
40130608014,3
40136159001,4
40138104003,2
40138160012,4
40135231023,5
40130405151,8
40134222101,3
40138141002,7
40130609012,9
40134226171,5
40131096012,45
40134226472,2
40130609032,4
40137233101,2
40136146013,3
40130610342,9
40131172003,3
40136118004,3
40134226292,4
40134201092,26
40132168532,6
40138114004,3
40135228021,20
40134226102,2
40131094022,7
40131166205,4
40136190002,1
40136125002,1
40131032122,2
40136117004,1
40134211023,3
40130507022,13
40138160053,1
40133189003,6
40134202163,2
40131043012,9
40130610203,3
40131091022,5
40134214001,8
40131104004,12
40131041003,3
40131148003,3
40131042252,1
40130304012,2
40132182002,5
40134226341,5
40131140002,3
40134212021,2
40138154013,1
40136181001,4
40131056021,6
40134201131,11
40130507021,2
40137233041,5
40130101031,2
40134220022,4
40131167191,8
40138171033,10
40130822042,3
40132169022,20
40131042072,4
40134217023,7
40131143021,18
40132177002,1
40132170023,1
40130610414,7
40134207091,13
40133194011,1
40136165003,6
40131096032,3
40130715044,1
40132168071,1
40132168591,1
40138154023,4
40138117003,19
40136197002,3
40131108022,16
40131166171,4
40130405024,2
40136175001,1
40131042264,5
40131047012,4
40136182001,2
40135229041,7
40131110003,5
40131052002,3
40131096034,4
40134201041,5
40136179003,3
40134226262,5
40131033031,3
40131163003,7
40130610317,7
40136174004,1
40136149001,4
40131152003,5
40134202103,1
40131167152,1
40136135002,5
40136185001,4
40131042211,2
40136189004,1
40136105004,4
40138114001,6
40136109011,7
40136100011,2
40134222132,1
40134223053,21
40136148002,5
40138131002,2
40134202131,6
40133196002,5
40130923081,11
40130610411,6
40138164023,2
40134226213,3
40130610391,4
40132168201,1
40130610512,3
40131061004,3
40131036113,2
40134201051,2
40138156022,1
40130405361,4
40130820021,11
40138114003,1
40131125173,16
40138114002,1
40138130001,2
40131042162,2
40131082001,3
40131138003,5
40134226251,3
40134226151,13
40134226481,7
40130927093,5
40131148001,11
40131152001,2
40210002251,1
40136102011,2
40131122022,2
40132168571,2
40132168072,1
40138159012,2
40131042053,1
40131119003,3
40133196003,4
40134225123,3
40138160023,1
40134223014,3
40136139003,3
40130610315,6
40134226542,1
40138135003,3
40136151001,4
40131052001,2
40131125163,10
40136105002,4
40159536021,1
40130610443,15
40134201152,9
40134226242,5
40134223022,3
40130822091,5
40136153001,4
40134226281,3
40130405141,1
40130718023,1
40138148012,7
40134226541,1
40132168062,1
40134222111,3
40136172002,3
40136139002,2
40132170024,3
40131033022,3
40132168332,2
40132168392,1
40138160051,1
40131123023,9
40131101003,3
40134223072,1
40136144001,1
40130610294,4
40132171012,5
40130610101,2
40136190001,2
40131099004,4
40130610451,5
40136187002,3
40131097041,5
40132168421,1
40131118003,2
40138141001,1
40138119002,1
40130610622,4
40134207102,3
40131061001,4
40131111003,1
40134201111,2
40130923062,11
40130927202,3
40134202071,2
40130405354,2
40138170002,1
40131167084,2
40131137021,6
40136102023,1
40131167281,1
40138121002,2
40130614011,2
40131036074,1
40138136001,7
40130610324,4
40134202141,5
40135229033,7
40131036063,5
40138164011,1
40130715051,9
40138116001,2
40131165002,17
40138176002,9
40132168511,2
40134225121,2
40136100023,1
40131166103,8
40133199051,3
40134223082,1
40132170022,3
40131084002,1
40131032113,3
40134226602,7
40138116003,1
40136166003,2
40131033025,2
40134226551,2
40134202112,6
40132168203,2
40136133005,3
40136187001,5
40138150003,2
40136124011,2
40136115004,1
40134223051,1
40131062001,2
40131115022,10
40131162051,3
40131032151,4
40131042142,1
40130405075,1
40136176004,2
40136167002,3
40131032163,5
40138125001,1
40136132003,2
40132168613,1
40136136022,1
40138110002,1
40136107001,3
40132168361,1
40138164021,1
40136114003,3
40131167111,2
40136144002,1
40130506161,5
40131074011,2
40132172011,6
40131167131,3
40130610581,3
40137233061,1
40130610503,7
40130608013,16
40139810001,1
40132173002,3
40133198023,3
40130610383,1
40132168202,2
40134226092,5
40138138003,3
40134209021,3
40130610482,2
40130405403,5
40131091011,5
40131167372,2
40131032202,1
40135230063,5
40130405411,5
40131042031,4
40131167292,1
40131066002,9
40136152022,2
40131078002,2
40130822133,7
40131042041,5
40131167211,3
40138135002,1
40130405272,2
40131155001,6
40131094013,3
40130405222,1
40134226483,3
40134226521,2
40131093003,3
40131042123,7
40136108003,4
40132168433,1
40131168003,5
40131166112,8
40136168004,1
40134225102,4
40136130001,1
40136112001,2
40138160041,1
40134222172,2
40136112003,2
40138171032,3
40130927151,1
40131109011,3
40130822082,1
40138127001,2
40134226422,5
40131033024,2
40136110001,7
40138106003,3
40130923063,3
40131167194,2
40134222222,2
40136197001,2
40130715142,7
40130405322,2
40130405221,1
40131124021,3
40131162043,1
40132170012,2
40130927242,4
40134222221,1
40131064001,1
40131138007,4
40130715091,2
40131147041,2
40134201101,1
40132168211,1
40132178002,1
40131117004,4
40134201081,2
40134202162,2
40138121003,4
40138149001,5
40138131001,1
40138150001,1
40131036072,2
40138123003,1
40136133002,1
40135230053,1
40131167291,1
40131050043,1
40131091012,4
40130717021,1
40131042244,3
40250015012,2
40131048011,1
40131034004,1
40134222181,1
40131042141,1
40131161003,1
40190046152,1
40130405161,2
40134225014,3
40130715061,2
40136140001,1
40131042023,3
40136123021,1
40136115003,1
40134206042,1
40135231032,3
40138158002,2
40130927163,4
40130506033,3
40131065022,3
40130610103,1
40138169032,1
40131042063,2
40130405165,1
40131054002,2
40139413004,1
40131058004,2
40130405074,1
40138165021,1
40134222091,2
40136109021,1
40134201091,1
40130610323,5
40130715171,2
40134223052,3
40131167202,1
40130718014,1
40131119001,2
40138124002,2
40134203032,1
40131155002,1
40134201113,1
40134222112,4
40134226272,2
40132168311,1
40130405321,3
40138122004,3
40138109002,1
40136145003,5
40138160042,3
40131125023,2
40138107001,2
40134226202,1
40138164012,1
40138172002,2
40130405371,1
40136120003,2
40135231034,2
40131032201,1
40134225024,1
40136129002,1
40138127004,1
40133199071,1
40210002224,1
40131125232,52
40134224022,1
40130610293,2
40136104004,4
40131167122,1
40131162042,1
40138161001,1
40134226511,4
40131035023,1
40130608021,1
40134226491,3
40134226501,2
40138153001,2
40131167251,1
40134226581,1
40138161002,3
40131098021,4
40131036091,2
40131042151,4
40130822081,3
40131166172,6
40138101004,2
40136127001,1
40131032161,2
40133190011,3
40134201093,1
40138124004,3
40134226512,2
40131082003,1
40132168382,1
40130610441,3
40133200023,2
40136163001,4
40130610344,3
40136140003,1
40134226571,1
40136174002,3
40136154002,1
40133195002,1
40131127004,1
40131167072,1
40130614022,1
40134226261,1
40130610314,2
40131051013,1
40131094011,2
40136170021,1
40136180001,4
40131032152,1
40134205041,1
40134225103,1
40138133002,1
40131049001,1
40130405163,3
40138150002,1
40131062002,2
40134202121,1
40131119002,2
40130610444,2
40131096013,2
40130506193,2
40130405261,1
40136100024,1
40130715052,2
40130304011,1
40132168593,1
40136198003,1
40130927243,2
40130405313,1
40134203031,2
40130405393,3
40130101032,1
40130405073,1
40130715053,1
40130822092,1
40130405062,1
40130101023,1
40131123025,2
40133199032,1
40130719102,3
40130506091,1
40130820172,12
40136125001,3
40131167301,1
40138105001,2
40136120002,2
40131032052,1
40210002242,3
40130717022,2
40132168552,1
40131133014,1
40130715122,1
40136171001,1
40132168093,1
40134226101,1
40134225042,3
40131032171,1
40134208004,1
40136172001,1
40133200015,2
40130506032,1
40134225031,1
40138159021,1
40134222102,1
40134226423,2
40138164022,2
40138171031,1
40139410001,1
40133199042,1
40138105003,1
40130405064,1
40130927161,2
40131036112,1
40130830004,1
40131032072,2
40136116002,1
40134225111,1
40138167001,1
40136111001,1
40138117001,1
40136111002,1
40138101001,1
40131085024,1
40136173002,1
40132170013,1
40131050042,1
40131042034,1
40130927212,2
40133199053,1
40132168342,1
40132174001,1
40133194014,2
40132170014,1
40134202111,3
40130719091,1
40136114001,1
40134201042,1
40131032062,1
40135230023,1
40133194041,1
40136143001,1
40131051011,1
40138166001,1
40134225072,1
40134202143,1
40130715054,1
40130715132,1
40138137001,1
40131036061,1
40132170015,1
40134226172,1
40138160022,1
40132168494,1
40131076021,1
40135229042,1
40134201072,1
40136100022,1
40136104001,1
40138109003,1
40132170021,1
40138168001,1
40131042221,1
40136176003,1
40137233092,1
40138102002,1
40130715154,1
40134202122,1
40136132002,1
40134202091,1
40130405232,1
40130405353,1
